"Id","Name","Date","Difficulty","Perception","Source","Uri","Series","Solution","Found best solution","Review","Related Topics","Comment","","","","","","","","","","","","","","","",""
"217","Contains Duplicate","23/05/2022","E","E","Leetcode","https://leetcode.com/problems/contains-duplicate/","Cracking Code Interview (1.1)","https://github.com/Jumaruba/LeetCode/blob/master/217.py","Y","N","","","","","","","","","","","","","","","","","",""
"242","Valid Anagram","23/05/2022","E","E","Leetcode","https://leetcode.com/problems/valid-anagram/","Cracking Code Interview (1.2)","https://github.com/Jumaruba/LeetCode/blob/master/242.py","Y","N","","","","","","","","","","","","","","","","","",""
"567","Permutation in String","23/05/2022","M","M","Leetcode","https://leetcode.com/problems/permutation-in-string/","Cracking Code Interview (1.2)","https://github.com/Jumaruba/LeetCode/blob/master/567.py","Y","Y","Permutations","","","","","","","","","","","","","","","","",""
"266","Palindrome Permutation","23/05/2022","E","E","Leetcode","https://leetcode.com/problems/palindrome-permutation/","Cracking Code Interview (1.4)","https://github.com/Jumaruba/LeetCode/blob/master/266.py","Y","N","","","","","","","","","","","","","","","","","",""
"161","One Edit Distance","23/05/2022","E","E","Leetcode","https://leetcode.com/problems/one-edit-distance/","Cracking Code Interview (1.5)","https://github.com/Jumaruba/LeetCode/blob/master/161.py","Y","N","","","","","","","","","","","","","","","","","",""
"28","Implement strStr()","30/05/2022","E","E","Leetcode","https://leetcode.com/explore/interview/card/amazon/76/array-and-strings/2968/","List of problems Amazon ","https://github.com/Jumaruba/LeetCode/blob/master/028.py","Y","N","","","","","","","","","","","","","","","","","",""
"20","Valid Parenthesis","30/05/2022","E","E","Leetcode","https://leetcode.com/problems/valid-parentheses/","List of problems Amazon ","https://github.com/Jumaruba/LeetCode/blob/master/020.py","Y","N","","","","","","","","","","","","","","","","","",""
"3","Longest Substring Without Repeating Characters","16/06/2022","M","E","Leetcode","https://leetcode.com/problems/longest-substring-without-repeating-characters/","Recomendation","https://github.com/Jumaruba/LeetCode/blob/master/003.py","Y","N","","","","","","","","","","","","","","","","","",""
"253","Meeting Rooms II","16/06/2022","M","E","Leetcode","https://leetcode.com/problems/meeting-rooms-ii/","List of problems Amazon ","https://github.com/Jumaruba/JmmCompiler/blob/master/src/registerAllocation/coloring/GraphColoring.java","Y","N","","","","","","","","","","","","","","","","","",""
"347","Top K Frequent Elements","16/06/2022","M","E","Leetcode","https://leetcode.com/problems/top-k-frequent-elements/","List of problems Amazon ","https://github.com/Jumaruba/LeetCode/blob/master/347.py","Y","N","","","","","","","","","","","","","","","","","",""
"15","3Sum","23/06/2022","M","E","Leetcode","https://leetcode.com/problems/3sum/","List of problems Amazon ","https://github.com/Jumaruba/LeetCode/blob/master/015.py","Y","N","","","","","","","","","","","","","","","","","",""
"443","String Compression","24/06/2022","M","M","Leetcode","https://leetcode.com/problems/string-compression/","List of problems Amazon ","https://github.com/Jumaruba/LeetCode/blob/master/443.py","Y","Y","","","","","","","","","","","","","","","","","",""
"1480","Running Sum of 1d Array","30/06/2022","E","E","Leetcode","https://leetcode.com/problems/running-sum-of-1d-array/","Leetcode 75","https://github.com/Jumaruba/LeetCode/blob/master/1480.py","Y","N","","","","","","","","","","","","","","","","","",""
"724","Find Pivot Index","30/06/2022","E","E","Leetcode","https://leetcode.com/problems/find-pivot-index/","Leetcode 75","https://github.com/Jumaruba/LeetCode/blob/master/724.py","Y","N","","","","","","","","","","","","","","","","","",""
"1710","Maximum Units on a Truck","01/07/2022","E","E","Leetcode","https://leetcode.com/problems/maximum-units-on-a-truck/","July","https://github.com/Jumaruba/LeetCode/blob/master/1710.py","N","Y","","","","","","","","","","","","","","","","","",""
"124","Binary Tree Maximum Path Sum","01/07/2022","H","M","Leetcode","https://leetcode.com/problems/binary-tree-maximum-path-sum/","List of problems Amazon ","https://github.com/Jumaruba/LeetCode/blob/master/124.py","Y","N","","","","","","","","","","","","","","","","","",""
"1465","Maximum Area of a Piece of Cake After Horizontal and Vertical Cuts","02/07/2022","M","E","Leetcode","https://leetcode.com/problems/maximum-area-of-a-piece-of-cake-after-horizontal-and-vertical-cuts/","July","https://github.com/Jumaruba/LeetCode/blob/master/1465.py","Y","Y","","","","","","","","","","","","","","","","","",""
"746","Min Cost Climbing Stairs","10/07/2022","E","E","Leetcode","https://leetcode.com/problems/min-cost-climbing-stairs/","July","https://github.com/Jumaruba/LeetCode/blob/master/746.py","Y","N","","","","","","","","","","","","","","","","","",""
"199","Binary Tree Right Side View","11/07/2022","M","E","Leetcode","https://leetcode.com/problems/binary-tree-right-side-view/","July","https://github.com/Jumaruba/LeetCode/blob/master/199.py","Y","N","","","","","","","","","","","","","","","","","",""
"376","Wiggle Subsequence","12/07/2022","M","H","Leetcode","https://leetcode.com/problems/wiggle-subsequence/","July","https://github.com/Jumaruba/LeetCode/blob/master/376.java","N","Y","Dynammic programming","","","","","","","","","","","","","","","","",""
"473","Matchsticks to square","12/07/2022","M","H","Leetcode","https://leetcode.com/problems/matchsticks-to-square/","July","https://github.com/Jumaruba/LeetCode/blob/master/473.py","Y","YY","","","","","","","","","","","","","","","","","",""
"102","Binary Tree Level Order","13/07/2022","M","E","Leetcode","https://leetcode.com/problems/binary-tree-level-order-traversal/","July","https://github.com/Jumaruba/LeetCode/blob/master/102.py","Y","Y","I want to test in other ways","","","","","","","","","","","","","","","","",""
"695","Max Area of Island","15/07/2022","M","E","Leetcode","https://leetcode.com/problems/max-area-of-island/","July","https://github.com/Jumaruba/LeetCode/blob/master/695.py","Y","N","","","","","","","","","","","","","","","","","",""
"105","Construct Binary Tree From Preorder and Inorder Traversal","16/07/2022","M","M","Leetcode","https://leetcode.com/problems/construct-binary-tree-from-preorder-and-inorder-traversal/","July","https://github.com/Jumaruba/LeetCode/blob/master/105.py","?","N","","","","","","","","","","","","","","","","","",""
"1480","Running Sum of 1d Array","17/07/2022","E","E","Leetcode","https://leetcode.com/problems/running-sum-of-1d-array/","Leetcode 75","https://github.com/Jumaruba/LeetCode/blob/master/1480.py","Y","N","","","","","","","","","","","","","","","","","",""
"724","Find Pivot Index","17/07/2022","E","E","Leetcode","https://leetcode.com/problems/find-pivot-index/","Leetcode 75","https://github.com/Jumaruba/LeetCode/blob/master/724.py","Y","N","","","","","","","","","","","","","","","","","",""
"205","Isomorphic Strings","17/07/2022","E","E","Leetcode","https://leetcode.com/problems/isomorphic-strings","Leetcode 75","https://github.com/Jumaruba/LeetCode/blob/master/205.py","Y","N","","","","","","","","","","","","","","","","","",""
"392","Is Subsequence","17/07/2022","E","E","Leetcode","https://leetcode.com/problems/is-subsequence/","Leetcode 75","https://github.com/Jumaruba/LeetCode/blob/master/392.py","Y","N","","","","","","","","","","","","","","","","","",""
"21","Merge Two Sorted Lists ","17/07/2022","E","E","Leetcode","https://leetcode.com/problems/merge-two-sorted-lists/","Leetcode 75","https://github.com/Jumaruba/LeetCode/blob/master/021.py","Y","N","","","","","","","","","","","","","","","","","",""
"560","Subarray Sum Equal K","18/07/2022","M","M","Leetcode","https://leetcode.com/problems/subarray-sum-equals-k/","- ","https://github.com/Jumaruba/LeetCode/blob/master/560.py","Y","Y","Dynammic programming","","","","","","","","","","","","","","","","",""
"792","Number of Matching Subsequence","20/07/2022","M","H","Leetcode","https://leetcode.com/problems/number-of-matching-subsequences/","July","https://github.com/Jumaruba/LeetCode/blob/master/792.py","Y","YY","","","","","","","","","","","","","","","","","",""
"876","Middle of Linked List","20/07/2022","E","E","Leetcode","https://leetcode.com/problems/middle-of-the-linked-list/","Leetcode 75","https://github.com/Jumaruba/LeetCode/blob/master/876.py","Y","N","","","","","","","","","","","","","","","","","",""
"142","Linked List Cycle ","21/07/2022","M","E","Leetcode","https://leetcode.com/problems/linked-list-cycle-ii/","Leetcode 75","https://github.com/Jumaruba/LeetCode/blob/master/142.py","Y","N","","Don't overcomplicate!!!","","","","","","","","","","","","","","","",""
"121","Best Time to Buy and Sell a Stock","21/07/2022","E","M","Leetcode","https://leetcode.com/problems/best-time-to-buy-and-sell-stock/","Leetcode 75","https://github.com/Jumaruba/LeetCode/blob/master/121.py","Y","Y","","","","","","","","","","","","","","","","","",""
"409","Longest Palindrome","21/07/2022","E","E","Leetcode","https://leetcode.com/problems/longest-palindrome/","Leetcode 75","https://github.com/Jumaruba/LeetCode/blob/master/409.py","Y","Y","","","","","","","","","","","","","","","","","",""
"589","N-ary Preorder Traversal","21/07/2022","E","E","Leetcode","https://leetcode.com/problems/n-ary-tree-preorder-traversal/","Leetcode 75","https://github.com/Jumaruba/LeetCode/blob/master/589.py","Y","N","","","","","","","","","","","","","","","","","",""
"102","Binary Tree Level Order Traversal","21/07/2022","M","M","Leetcode","https://leetcode.com/problems/binary-tree-level-order-traversal/","Leetcode 75","https://github.com/Jumaruba/LeetCode/blob/master/102.py","Y","N","","","","","","","","","","","","","","","","","",""
"704","Binary Search","21/07/2022","E","E","Leetcode","https://leetcode.com/problems/binary-search/","Leetcode 75","https://github.com/Jumaruba/LeetCode/blob/master/704.py","Y","N","","","","","","","","","","","","","","","","","",""
"278","First Bad Version","21/07/2022","E","E","Leetcode","https://leetcode.com/problems/first-bad-version/","Leetcode 75","https://github.com/Jumaruba/LeetCode/blob/master/278.py","Y","N","","","","","","","","","","","","","","","","","",""
"912","Sort An Array","23/07/2022","M","M","Leetcode","https://leetcode.com/problems/sort-an-array/","-","https://github.com/Jumaruba/LeetCode/blob/master/912.py","Y","Y","Merge sort","","","","","","","","","","","","","","","","",""
"34","Find First and Last Position of Element in Sorted Array","24/07/2022","M","E","Leetcode","https://leetcode.com/problems/find-first-and-last-position-of-element-in-sorted-array/","July","https://github.com/Jumaruba/LeetCode/blob/master/034.py","Y","N","","","","","","","","","","","","","","","","","",""
"236","Lowest Common Anscestor of a Tree","26/07/2022","M","E","Leetcode","https://leetcode.com/problems/lowest-common-ancestor-of-a-binary-tree/","July","https://github.com/Jumaruba/LeetCode/blob/master/236.py","","","","","","","","","","","","","","","","","","","",""
"114","Flatten Binary Tree to Linked List","27/07/2022","M","M","Leetcode","https://leetcode.com/problems/flatten-binary-tree-to-linked-list/","July","https://github.com/Jumaruba/LeetCode/blob/master/114.py","Y","N","","","","","","","","","","","","","","","","","",""
"510","Inorder Successor in BST","28/07/2022","M","M","Leetcode","https://leetcode.com/problems/inorder-successor-in-bst-ii/","July","https://github.com/Jumaruba/LeetCode/blob/master/510.py","N","Y","","","","","","","","","","","","","","","","","",""
"242","Valid Anagram","28/07/2022","E","E","Leetcode","https://leetcode.com/problems/valid-anagram/","July","https://github.com/Jumaruba/LeetCode/blob/master/242.py","Y","N","","","","","","","","","","","","","","","","","",""
"890","Find and replace pattern","29/07/2022","M","E","Leetcode","https://leetcode.com/problems/find-and-replace-pattern/","July","https://github.com/Jumaruba/LeetCode/blob/master/890.py","Y","N","","","","","","","","","","","","","","","","","",""
"916","Word Subsets","30/07/2022","M","H","Leetcode","https://leetcode.com/problems/word-subsets/","July","https://github.com/Jumaruba/LeetCode/blob/master/916.py","Y","Y","","Got a hard time to understand the problem","","","","","","","","","","","","","","","",""
"98","Validate Binary Tree","31/07/2022","M","E","Leetcode","https://leetcode.com/problems/validate-binary-search-tree/","Leetcode 75","https://github.com/Jumaruba/LeetCode/blob/master/098.py","Y","N","","","","","","","","","","","","","","","","","",""
"235","Lowest Common Anscestor in a Binary Tree","31/07/2022","E","E","Leetcode","https://leetcode.com/problems/lowest-common-ancestor-of-a-binary-search-tree/","Leetcode 75","https://github.com/Jumaruba/LeetCode/blob/master/235.py","Y","N","","","","","","","","","","","","","","","","","",""
"704","Binary Search","31/07/2022","E","E","Leetcode","https://leetcode.com/problems/binary-search/","Leetcode 75","https://github.com/Jumaruba/LeetCode/blob/master/704.py","Y","N","","","","","","","","","","","","","","","","","",""
"278","First Bad Version ","31/07/2022","E","E","Leetcode","https://leetcode.com/problems/first-bad-version/","Leetcode 75","https://github.com/Jumaruba/LeetCode/blob/master/278.py","Y","N","","","","","","","","","","","","","","","","","",""
"1"," Two Sum ","31/07/2022","E","E","Leetcode","https://leetcode.com/problems/two-sum/","Leetcode 75","https://github.com/Jumaruba/LeetCode/blob/master/001.py","Y","N","","","","","","","","","","","","","","","","","",""
"692","Top K frequent words","31/07/2022","M","E","Leetcode","https://leetcode.com/problems/top-k-frequent-words/","Leetcode 75","https://github.com/Jumaruba/LeetCode/blob/master/692.py","Y","N","","","","","","","","","","","","","","","","","",""
"200","Number of Island","","","","Leetcode","https://leetcode.com/problems/number-of-islands/","Leetcode 75","","","","","","","","","","","","","","","","","","","","",""
"884","Backspace string compare","31/07/2022","E","E","Leetcode","https://leetcode.com/problems/backspace-string-compare/","Leetcode 75","https://github.com/Jumaruba/LeetCode/blob/master/844.py","Y","N","","","","","","","","","","","","","","","","","",""
"438","Find All Anagrams in a String","","M","","Leetcode","https://leetcode.com/problems/find-all-anagrams-in-a-string/","Leetcode 75","https://github.com/Jumaruba/LeetCode/blob/master/1046.py","Y","N","","","","","","","","","","","","","","","","","",""
"1046","Last Stone Weight","31/07/2022","E","E","Leetcode","https://leetcode.com/problems/last-stone-weight/","Leetcode 75","https://github.com/Jumaruba/LeetCode/blob/master/1046.py","Y","Y","Prioirty Queue","","","","","","","","","","","","","","","","",""
"424","Longest Repeating Character Replacement","31/07/2022","M","H","Leetcode","https://leetcode.com/problems/longest-repeating-character-replacement/","Leetcode 75","https://github.com/Jumaruba/LeetCode/blob/master/424.py","Y","Y","Greedy, Sliding Window","","","","","","","","","","","","","","","","",""
"394","Decode String","31/07/2022","M","M","Leetcode","https://leetcode.com/problems/decode-string/","Leetcode 75","https://github.com/Jumaruba/LeetCode/blob/master/394.py","Y","Y","String, Stack, Recursion","","","","","","","","","","","","","","","","",""
"299","Bulls and Cows","31/07/2022","M","E","Leetcode","https://leetcode.com/problems/bulls-and-cows/","Leetcode 75","https://github.com/Jumaruba/LeetCode/blob/master/299.py","Y","N","Hash Table, String Counting","","","","","","","","","","","","","","","","",""
"307","Range Sum Query - Mutable","","M","","Leetcode","https://leetcode.com/problems/range-sum-query-mutable/","July","","","","","","","","","","","","","","","","","","","","",""
"202","Happy Number ","01/08/2022","E","E","Leetcode","https://leetcode.com/problems/happy-number/","Leetcode 75 - 2","https://github.com/Jumaruba/LeetCode/blob/master/202.py","Y","N","","","","","","","","","","","","","","","","","",""
"54","Spiral Matrix","01/08/2022","M","M","Leetcode","https://leetcode.com/problems/spiral-matrix/","Leetcode 75 - 2 ","https://github.com/Jumaruba/LeetCode/blob/master/054.py","?","Y","Array, Matrix, Simulation","","","","","","","","","","","","","","","","",""
"62","Unique Paths","01/08/2022","M","E","Leetcode","https://leetcode.com/problems/unique-paths/","Leetcode 75","https://github.com/Jumaruba/LeetCode/blob/master/062.py","Y","N","Dynammic Programming","","","","","","","","","","","","","","","","",""
"14","Longest Common Prefix ","02/08/2022","E","E","Leetcode","https://leetcode.com/problems/longest-common-prefix/","Leetcode 75 - 2","https://github.com/Jumaruba/LeetCode/blob/master/014.py","Y","N","String","","","","","","","","","","","","","","","","",""
"43","Multiply Strings","02/08/2022","M","M","Leetcode","https://leetcode.com/problems/multiply-strings/","Leetcode 75 - 2","https://github.com/Jumaruba/LeetCode/blob/master/043.py","?","N","Math, String, Simulation","","","","","","","","","","","","","","","","",""
"378","Kth Smallest Element in a Sorted Matrix","","M","H","Leetcode","https://leetcode.com/problems/kth-smallest-element-in-a-sorted-matrix/","July","","","","","","","","","","","","","","","","","","","","",""
"19","Remove Nth Node from End of List","03/08/2022","M","E","Leetcode","https://leetcode.com/problems/remove-nth-node-from-end-of-list/","Leetcode 75 -2 ","https://github.com/Jumaruba/LeetCode/blob/master/019.cpp","Y","Y","Linked List, Two pointers","","","","","","","","","","","","","","","","",""
"234","Palindrome Linked List","03/08/2022","E","M","Leetcode","https://leetcode.com/problems/palindrome-linked-list/","Leetcode 75 -2 ","https://github.com/Jumaruba/LeetCode/blob/master/234.py","N","Y","Linked LIst, Stack, Recursion, Two pointers","Hard because of the improvement","","","","","","","","","","","","","","","",""
"729","","","","","","","","","","","","","","","","","","","","","","","","","","","",""
"328","Odd Even Linked List","04/08/2022","M","E","Leetcode","https://leetcode.com/problems/odd-even-linked-list/","Leetcode 75 -2 ","https://github.com/Jumaruba/LeetCode/blob/master/328.py","Y","N","","","","","","","","","","","","","","","","","",""
"1220","Count Vowels Permutation","07/08/2022","H","M","Leetcode","https://leetcode.com/problems/count-vowels-permutation/","August","https://github.com/Jumaruba/LeetCode/blob/master/1220.py","Y","Y","Dynammic Programming","","","","","","","","","","","","","","","","",""
"108","Convert Sorted Array to Binary Search Tree","10/08/2022","E","E","Leetcode","https://leetcode.com/problems/convert-sorted-array-to-binary-search-tree/","August","https://github.com/Jumaruba/LeetCode/blob/master/108.py","Y","N","Divide and Conquer","","","","","","","","","","","","","","","","",""
"387","Find Unique First Character in a String","23/08/2022","E","E","Leetcode","https://leetcode.com/problems/first-unique-character-in-a-string/","Leetcode 75 -2 ","https://github.com/Jumaruba/LeetCode/tree/master","","N","","","","","","","","","","","","","","","","","",""
"198","House Robber","06/09/2022","M","M","Leetcode","https://leetcode.com/problems/house-robber/","Leetcode 75 - 2 ","https://github.com/Jumaruba/LeetCode/blob/master/198.py","Y","N","Dynammic Programming ","","","","","","","","","","","","","","","","",""
"222","Count Complete tree Nodes","15/11/2022","M","H","Leetcode","https://leetcode.com/problems/count-complete-tree-nodes/","November","https://jumaruba.github.io/_pages/others/CP/222-count-complete-tree-node.html","N","Y","","","","","","","","","","","","","","","","","",""
"374","Guess Number Higher or Lower","16/11","E","E","Leetcode","https://leetcode.com/problems/guess-number-higher-or-lower/description/","November","https://github.com/Jumaruba/LeetCode/blob/master/374.py","Y","N","","","","","","","","","","","","","","","","","",""
"263","Ugly Number","18/11","E","E","Leetcode","https://leetcode.com/problems/ugly-number/submissions/845842801/","November","","","","","","","","","","","","","","","","","","","","",""
"204","Count Primes","22/11","M","M","Leetcode","https://leetcode.com/problems/count-primes/description/","Random","https://github.com/Jumaruba/LeetCode/blob/master/204.c","Y","Y","","","","","","","","","","","","","","","","","",""
"2256","Minimum average distance","04/12/2022","M","E","Leetcode","https://leetcode.com/problems/minimum-average-difference/description/","December","https://github.com/Jumaruba/LeetCode/blob/master/2256.cpp","Y","N","Logic","","","","","","","","","","","","","","","","",""
"876","Middle of the Linked List","05/12/2022","E","E","Leetcode","https://leetcode.com/problems/middle-of-the-linked-list/description/","December","- ","Y","N","Linked List","","","","","","","","","","","","","","","","",""
"328","Odd Even Linked List","06/12/2022","M","E","Leetcode","https://leetcode.com/problems/odd-even-linked-list/description/","December","https://github.com/Jumaruba/LeetCode/blob/master/328.cpp","Y","N","Linked List","","","","","","","","","","","","","","","","",""
"89","Gray Code","06/12/2022","M","H","Leetcode","https://leetcode.com/problems/gray-code/description/","Random","https://github.com/Jumaruba/LeetCode/blob/master/089.cpp","Y","Y","","","","","","","","","","","","","","","","","",""
"938","Range Sum of BST","07/12/2022","E","E","Leetcode","https://leetcode.com/problems/range-sum-of-bst/","December","https://github.com/Jumaruba/LeetCode/blob/master/938.cpp","Y","N","BST","","","","","","","","","","","","","","","","",""
"1026","Maximum Difference Between Node and Ancestor","08/12/2022","M","E","Leetcode","https://leetcode.com/problems/maximum-difference-between-node-and-ancestor/description/","December","https://github.com/Jumaruba/LeetCode/blob/master/1026.cpp","Y","N","","","","","","","","","","","","","","","","","",""
"1339","Maximum Product of Splitted Binary Tree","10/12/2022","M","M","Leetcode","https://leetcode.com/problems/maximum-product-of-splitted-binary-tree/description/","December","https://github.com/Jumaruba/LeetCode/blob/master/1339.cpp","Y","N","BST","","","","","","","","","","","","","","","","",""
"70","Climbing stairs","12/12/2022","E","E","Leetcode","https://leetcode.com/problems/climbing-stairs/","December","https://github.com/Jumaruba/LeetCode/blob/master/070.cpp","Y","N","Dynammic Programming","","","","","","","","","","","","","","","","",""
"931","Minimum Falling Path Sum","13/12/2022","M","E","Leetcode","https://leetcode.com/problems/minimum-falling-path-sum/","December","https://github.com/Jumaruba/LeetCode/blob/master/931.py","Y","N","Dynammic Programming","","","","","","","","","","","","","","","","",""
"198","House Robber","14/12/2022","M","E","Leetcode","https://leetcode.com/problems/house-robber/description/","December","https://github.com/Jumaruba/LeetCode/blob/master/198.py","Y","N","Dynammic Programming","","","","","","","","","","","","","","","","",""
"232","Implementing Queue Using Stack","15/12/2022","E","E","Leetcode","https://leetcode.com/problems/implement-queue-using-stacks/description/","December","https://github.com/Jumaruba/LeetCode/blob/master/232.cpp","Y","N","Stack","","","","","","","","","","","","","","","","",""
"20","Valid Parenthesis","15/12/2022","E","E","Leetcode","https://leetcode.com/problems/valid-parentheses/description/","https://www.techinterviewhandbook.org/grind75","https://github.com/Jumaruba/LeetCode/blob/master/020.cpp","Y","N","Stack","","","","","","","","","","","","","","","","",""
"21","Merge Two Sorted Lists","15/12/2022","E","E","Leetcode","https://leetcode.com/problems/merge-two-sorted-lists/description/","https://www.techinterviewhandbook.org/grind75","https://github.com/Jumaruba/LeetCode/blob/master/021.cpp","Y","Y","Linked List","","","","","","","","","","","","","","","","",""
"121","Best Time to Buy and Sell a Stock","16/12/2022","E","E","Leetcode","https://leetcode.com/problems/best-time-to-buy-and-sell-stock/description/","","","","","","","","","","","","","","","","","","","","","",""
"739","Daily Temperatures","18/12/2022","M","M","Leetcode","https://leetcode.com/problems/daily-temperatures/description/","December","https://github.com/Jumaruba/LeetCode/blob/master/739.cpp","Y","N","Dynamic Programming","","","","","","","","","","","","","","","","",""
"1971","Find if Path Exists In Graph","","","","","","","","","","","","","","","","","","","","","","","","","","",""
"841","Keys and Rooms","20/12/2022","M","E","Leetcode","https://leetcode.com/problems/keys-and-rooms/description/","December","https://github.com/Jumaruba/LeetCode/blob/master/841.cpp","Y","N","","","","","","","","","","","","","","","","","",""
"886","Possible bipartition","25/12/2022","M","H","Leetcode","https://leetcode.com/problems/possible-bipartition/description/","December","https://github.com/Jumaruba/LeetCode/blob/master/886.cpp","Y","Y","DFS, BFS, Disjoint Sets","","","","","","","","","","","","","","","","",""
"2389","Longest Subsequence with Limited Sum","25/12/2022","E","E","Leetcode","https://leetcode.com/problems/longest-subsequence-with-limited-sum/description/","December","https://github.com/Jumaruba/LeetCode/blob/master/2389.cpp","N","N","Sorting","","","","","","","","","","","","","","","","",""
"55","Can Jump","26/12/2022","M","E","Leetcode","https://leetcode.com/problems/jump-game/description/","December","https://leetcode.com/problems/jump-game/description/","Y","N","Dynamic Programming","","","","","","","","","","","","","","","","",""
"2279","Maximum Bags With Full Capacity of Rocks","27/12/2022","M","E","Leetcode","https://leetcode.com/problems/maximum-bags-with-full-capacity-of-rocks/description/","December","https://github.com/Jumaruba/LeetCode/blob/master/2279.cpp","Y","N","Sorting","","","","","","","","","","","","","","","","",""
"1962","Remove Stones to Minimize the Total","28/12/2022","M","E","Leetcode","https://leetcode.com/problems/remove-stones-to-minimize-the-total/description/","December","https://github.com/Jumaruba/LeetCode/blob/master/1962.cpp","Y","N","Priority Queue","","","","","","","","","","","","","","","","",""
"520","Detect Capital","02/01/2023","E","E","Leetcode","https://leetcode.com/problems/detect-capital/description/","December","https://github.com/Jumaruba/LeetCode/blob/master/520.cpp","Y","N","Strings","","","","","","","","","","","","","","","","",""
"944","Delete Columns to Make Sorted","03/01/2023","E","E","Leetcode","https://leetcode.com/problems/delete-columns-to-make-sorted/description/","December","","","","","","","","","","","","","","","","","","","","",""
"","Minimum Rounds To Complete All Tasks","04/01/2023","E","E","Leetcode","https://leetcode.com/problems/minimum-rounds-to-complete-all-tasks/","December","https://github.com/Jumaruba/LeetCode/blob/master/2244.cpp","","N","","","","","","","","","","","","","","","","","",""
"974","Subarray Sums Divisible by K","21/01/2023","M","H","Leetcode","https://leetcode.com/problems/subarray-sums-divisible-by-k/description/","December","https://github.com/Jumaruba/LeetCode/blob/master/974.cpp","Y","Y","Prefix sum, hashmap","","","","","","","","","","","","","","","","",""
"567","Permutation in String","04/02/2023","M","M","Leetcode","https://leetcode.com/problems/permutation-in-string/description/","January","https://github.com/Jumaruba/LeetCode/blob/master/567.cpp","Y","N","Sliding Window, hashmap","","","","","","","","","","","","","","","","",""
"1470","Shuffle the Array","06/02/2023","E","E","Leetcode","https://leetcode.com/problems/shuffle-the-array/description/","January","https://github.com/Jumaruba/LeetCode/blob/master/1470.cpp","Y","N","","","","","","","","","","","","","","","","","",""
"438","Find All Anagrams in a String","05/02/2023","M","E","Leetcode","https://leetcode.com/problems/find-all-anagrams-in-a-string/","January","https://github.com/Jumaruba/LeetCode/blob/master/438.cpp","Y","N","Sliding Window, hashmap","","","","","","","","","","","","","","","","",""
"904","Fruit Into Basket","07/02/2023","M","M","Leetcode","https://leetcode.com/problems/fruit-into-baskets/description/","January","https://github.com/Jumaruba/LeetCode/blob/master/904.py","Y","Y","Hashmap, sliding window","","","","","","","","","","","","","","","","",""
"45","Jump","08/02/2023","M","E","Leetcode","https://leetcode.com/problems/jump-game-ii/description/","January","https://github.com/Jumaruba/LeetCode/blob/master/045.cpp","Y","N","Dynamic Programming","","","","","","","","","","","","","","","","",""
"1345","Jump Game IV","05/03/2023","H","M","Leetcode","https://leetcode.com/problems/jump-game-iv/","March","https://github.com/Jumaruba/LeetCode/blob/master/1345.py","Y","Y","BFS, DFS","","","","","","","","","","","","","","","","",""
"1539","Kth MIssing Positive Number","06/03/2023","E","E","Leetcode","https://leetcode.com/problems/kth-missing-positive-number/","March","https://github.com/Jumaruba/LeetCode/blob/master/1539.py","Y","Y","Logic","","","","","","","","","","","","","","","","",""
"875","Koko Eating Bananas","08/03/2023","M","E","Leetcode","https://leetcode.com/problems/koko-eating-bananas/description/","March","https://github.com/Jumaruba/LeetCode/blob/master/875.py","Y","Y","Binary search","https://leetcode.com/problems/koko-eating-bananas/solutions/3270923/python-java-c-easiest-solution-video-explanation/","","","","","","","","","","","","","","","",""
"1572","Matrix Diagonal Sum","08/05/2023","E","E","Leetcode","https://leetcode.com/problems/matrix-diagonal-sum/description/","May"," ","","","","","","","","","","","","","","","","","","","",""
"","Minimum Swaps 2","08/05/2023","M","E","HackerRank","https://www.hackerrank.com/challenges/minimum-swaps-2/problem?isFullScreen=true&h_l=interview&playlist_slugs%5B%5D=interview-preparation-kit&playlist_slugs%5B%5D=arrays","Interview Prep","","","","","","","","","","","","","","","","","","","","",""
"","Arrays: Left Rotation","07/05/2023","E","E","HackerRank","https://www.hackerrank.com/challenges/ctci-array-left-rotation/problem?isFullScreen=true&h_l=interview&playlist_slugs%5B%5D=interview-preparation-kit&playlist_slugs%5B%5D=arrays","Interview Prep","","","","","","","","","","","","","","","","","","","","",""
"","Array Manipulation","08/05/2023","H","M","HackerRank","https://www.hackerrank.com/challenges/crush/problem?isFullScreen=true&h_l=interview&playlist_slugs%5B%5D=interview-preparation-kit&playlist_slugs%5B%5D=arrays","Interview Prep","","","","","","","","","","","","","","","","","","","","",""
"","Two Strings","08/05/2023","E","E","HackerRank","https://www.hackerrank.com/challenges/two-strings/problem?isFullScreen=true&h_l=interview&playlist_slugs%5B%5D=interview-preparation-kit&playlist_slugs%5B%5D=dictionaries-hashmaps","Interview Prep","","","","","","","","","","","","","","","","","","","","",""
"2466","Count Ways To Build Good Strings","13/05/2023","M","M","Leetcode","https://leetcode.com/problems/count-ways-to-build-good-strings/description/","May","https://github.com/Jumaruba/LeetCode/blob/master/2466.py","N","N","Dynamic Programming","","","","","","","","","","","","","","","","",""
"49","Group Anagram","13/05/2023","M","E","Leetcode","https://leetcode.com/problems/group-anagrams/description/","neetcode - 150","","","","","","","","","","","","","","","","","","","","",""
"347","Top K Frequent Elements","14/05/2023","M","M","Leetcode","https://leetcode.com/problems/top-k-frequent-elements/description/","neetcode - 150","","","","","","","","","","","","","","","","","","","","",""
"238","Product Array of Except Self","19/05/2023","M","E","Leetcode","https://leetcode.com/problems/product-of-array-except-self/","neetcode - 150","https://github.com/Jumaruba/LeetCode/blob/master/238.py","","","","","","","","","","","","","","","","","","","",""
"2369","Check if There is a Valid Partition For The Array","13/08/2023","M","M","Leetcode","https://leetcode.com/problems/check-if-there-is-a-valid-partition-for-the-array/","August ","https://github.com/Jumaruba/LeetCode/blob/master/2369.py","","","","","","","","","","","","","","","","","","","",""
"215","Kth Largest Element in an Array","14/08/2023","M","M","Leetcode","https://leetcode.com/problems/kth-largest-element-in-an-array/","August ","https://github.com/Jumaruba/LeetCode/blob/master/215.py","","","","","","","","","","","","","","","","","","","",""
"1624","Largest Substring Between Two Equal Characters","31/12/2023","E","E","Leetcode","https://leetcode.com/problems/largest-substring-between-two-equal-characters/description/?envType=daily-question&envId=2023-12-31","December","https://github.com/Jumaruba/LeetCode/blob/master/1624.cs","Y","N","HashMap","","","","","","","","","","","","","","","","",""
"455","Assign Cookies","02/01/2024","E","E","Leetcode","https://leetcode.com/problems/assign-cookies/description/","January","https://github.com/Jumaruba/LeetCode/tree/master","Y","N","Sorting","","","","","","","","","","","","","","","","",""
"2125","Number of Laser Beams in a Bank","03/01/2024","M","E","Leetcode","https://leetcode.com/problems/number-of-laser-beams-in-a-bank/description/?envType=daily-question&envId=2024-01-03","January","https://github.com/Jumaruba/LeetCode/blob/master/2125.cs","","","","","","","","","","","","","","","","","","","",""
"2870","Minimum Number of Operations to Make Array Empty","04/01/2024","M","E","Leetcode","https://leetcode.com/problems/minimum-number-of-operations-to-make-array-empty/description/?envType=daily-question&envId=2024-01-04","January","https://github.com/Jumaruba/LeetCode/blob/master/2870.cs","N","N","Logic","","","","","","","","","","","","","","","","",""
"300","300. Longest Increasing Subsequence","05/01/2024","M","M","Leetcode","https://leetcode.com/problems/longest-increasing-subsequence/?envType=daily-question&envId=2024-01-05","January","https://github.com/Jumaruba/LeetCode/blob/master/300.cs","Y","Y","Dynamics Programming
Logic","","","","","","","","","","","","","","","","",""
"2970","Count the Number of Incremovable Subarrays I","06/01/2024","E","E","Leetcode","https://leetcode.com/contest/biweekly-contest-120/problems/count-the-number-of-incremovable-subarrays-i/","Biweekly Contest 120","https://github.com/Jumaruba/LeetCode/blob/master/2970.py","Y","N","Logic, Brute-Force","","","","","","","","","","","","","","","","",""
"2971","Find Polygon With the Largest Perimeter","06/01/2024","M","M","Leetcode","https://leetcode.com/contest/biweekly-contest-120/problems/find-polygon-with-the-largest-perimeter/","Biweekly Contest 120","https://github.com/Jumaruba/LeetCode/blob/master/2971.cs","Y","N","Logic ","","","","","","","","","","","","","","","","",""
"2956","Find Common Elements Between Two Arrays","06/01/2024","E","E","Leetcode","https://leetcode.com/contest/biweekly-contest-119/problems/find-common-elements-between-two-arrays/","Biweekly Contest 119","","","","Logic","","","","","","","","","","","","","","","","",""
"2942","Find Words Containing Character","06/01/2024","E","E","Leetcode","https://leetcode.com/contest/biweekly-contest-118/problems/find-words-containing-character/","Biweekly Contest 118","","","","Logic","","","","","","","","","","","","","","","","",""
"1161","Maximum Level Sum of a Binary Tree","06/01/2024","M","E","Leetcode","https://leetcode.com/problems/maximum-level-sum-of-a-binary-tree/description/?envType=study-plan-v2&envId=leetcode-75","Leetcode 75","","","","BFS","","","","","","","","","","","","","","","","",""
"938","Range Sum of BST","08/01/2024","E","E","Leetcode","https://leetcode.com/problems/range-sum-of-bst/description/?envType=daily-question&envId=2024-01-08","January","https://github.com/Jumaruba/LeetCode/blob/master/938.cs","Y","N","BFS/DFS","","","","","","","","","","","","","","","","",""
"1704","Determine if String Halves Are Alike","12/01/2024","E","E","Leetcode","https://leetcode.com/problems/determine-if-string-halves-are-alike/description/?envType=daily-question&envId=2024-01-12","January","","Y","N","Logic","","","","","","","","","","","","","","","","",""